{
    "name": "root",
    "gauges": {
        "MoveToGoal.Policy.Entropy.mean": {
            "value": 0.4822419583797455,
            "min": 0.4822419583797455,
            "max": 0.7722766995429993,
            "count": 41
        },
        "MoveToGoal.Policy.Entropy.sum": {
            "value": 4817.59716796875,
            "min": 4817.59716796875,
            "max": 7642.423828125,
            "count": 41
        },
        "MoveToGoal.Environment.EpisodeLength.mean": {
            "value": 8.17447199265381,
            "min": 7.852967227635076,
            "max": 19.728515625,
            "count": 41
        },
        "MoveToGoal.Environment.EpisodeLength.sum": {
            "value": 8902.0,
            "min": 7556.0,
            "max": 10101.0,
            "count": 41
        },
        "MoveToGoal.Step.mean": {
            "value": 999988.0,
            "min": 599989.0,
            "max": 999988.0,
            "count": 41
        },
        "MoveToGoal.Step.sum": {
            "value": 999988.0,
            "min": 599989.0,
            "max": 999988.0,
            "count": 41
        },
        "MoveToGoal.Policy.ExtrinsicValueEstimate.mean": {
            "value": 0.8339041471481323,
            "min": 0.7258819341659546,
            "max": 0.9187353253364563,
            "count": 41
        },
        "MoveToGoal.Policy.ExtrinsicValueEstimate.sum": {
            "value": 908.1216430664062,
            "min": 418.8338623046875,
            "max": 1010.197265625,
            "count": 41
        },
        "MoveToGoal.Environment.CumulativeReward.mean": {
            "value": 0.8659320477502296,
            "min": 0.8076580587711487,
            "max": 0.9626352015732547,
            "count": 41
        },
        "MoveToGoal.Environment.CumulativeReward.sum": {
            "value": 943.0,
            "min": 444.0,
            "max": 1052.0,
            "count": 41
        },
        "MoveToGoal.Policy.ExtrinsicReward.mean": {
            "value": 0.8659320477502296,
            "min": 0.8076580587711487,
            "max": 0.9626352015732547,
            "count": 41
        },
        "MoveToGoal.Policy.ExtrinsicReward.sum": {
            "value": 943.0,
            "min": 444.0,
            "max": 1052.0,
            "count": 41
        },
        "MoveToGoal.Losses.PolicyLoss.mean": {
            "value": 0.24709898745255082,
            "min": 0.23714055989701652,
            "max": 0.25120102850776777,
            "count": 41
        },
        "MoveToGoal.Losses.PolicyLoss.sum": {
            "value": 22.980205833087226,
            "min": 19.306439331569607,
            "max": 23.61289667973017,
            "count": 41
        },
        "MoveToGoal.Losses.ValueLoss.mean": {
            "value": 0.0852653782762847,
            "min": 0.03451285123245645,
            "max": 0.10553421217235502,
            "count": 41
        },
        "MoveToGoal.Losses.ValueLoss.sum": {
            "value": 7.929680179694477,
            "min": 3.1653658509638074,
            "max": 9.920215944201372,
            "count": 41
        },
        "MoveToGoal.Policy.LearningRate.mean": {
            "value": 0.00024029979344846264,
            "min": 0.00024029979344846264,
            "max": 0.00026425291951063417,
            "count": 41
        },
        "MoveToGoal.Policy.LearningRate.sum": {
            "value": 0.022347880790707025,
            "min": 0.020875980641340098,
            "max": 0.024731641216119978,
            "count": 41
        },
        "MoveToGoal.Policy.Epsilon.mean": {
            "value": 0.18009992451612902,
            "min": 0.18009992451612902,
            "max": 0.1880843025316456,
            "count": 41
        },
        "MoveToGoal.Policy.Epsilon.sum": {
            "value": 16.74929298,
            "min": 14.858659900000003,
            "max": 17.64388002,
            "count": 41
        },
        "MoveToGoal.Policy.Beta.mean": {
            "value": 0.0005000000000000001,
            "min": 0.0005000000000000001,
            "max": 0.0005000000000000001,
            "count": 41
        },
        "MoveToGoal.Policy.Beta.sum": {
            "value": 0.046500000000000014,
            "min": 0.03950000000000001,
            "max": 0.047500000000000014,
            "count": 41
        },
        "MoveToGoal.IsTraining.mean": {
            "value": 1.0,
            "min": 1.0,
            "max": 1.0,
            "count": 41
        },
        "MoveToGoal.IsTraining.sum": {
            "value": 1.0,
            "min": 1.0,
            "max": 1.0,
            "count": 41
        }
    },
    "metadata": {
        "timer_format_version": "0.1.0",
        "start_time_seconds": "1677696159",
        "python_version": "3.9.13 (tags/v3.9.13:6de2ca5, May 17 2022, 16:36:42) [MSC v.1929 64 bit (AMD64)]",
        "command_line_arguments": "C:\\Users\\User\\AppData\\Local\\Programs\\Python\\Python39\\Scripts\\mlagents-learn Config/MoveToGoal.yaml --initialize-from=MoveToGoal --run-id=MoveToGoal2 --resume",
        "mlagents_version": "0.30.0",
        "mlagents_envs_version": "0.30.0",
        "communication_protocol_version": "1.5.0",
        "pytorch_version": "1.13.1+cpu",
        "numpy_version": "1.21.2",
        "end_time_seconds": "1677697806"
    },
    "total": 1647.3276276000001,
    "count": 1,
    "self": 0.009009900000364723,
    "children": {
        "run_training.setup": {
            "total": 0.16156959999999998,
            "count": 1,
            "self": 0.16156959999999998
        },
        "TrainerController.start_learning": {
            "total": 1647.1570480999999,
            "count": 1,
            "self": 2.6310639000121228,
            "children": {
                "TrainerController._reset_env": {
                    "total": 10.7007906,
                    "count": 1,
                    "self": 10.7007906
                },
                "TrainerController.advance": {
                    "total": 1633.727962899988,
                    "count": 78050,
                    "self": 2.412011400028632,
                    "children": {
                        "env_step": {
                            "total": 749.7345539999689,
                            "count": 78050,
                            "self": 697.7393697999481,
                            "children": {
                                "SubprocessEnvManager._take_step": {
                                    "total": 50.589054899994174,
                                    "count": 78050,
                                    "self": 4.609915700013701,
                                    "children": {
                                        "TorchPolicy.evaluate": {
                                            "total": 45.97913919998047,
                                            "count": 45931,
                                            "self": 45.97913919998047
                                        }
                                    }
                                },
                                "workers": {
                                    "total": 1.406129300026576,
                                    "count": 78049,
                                    "self": 0.0,
                                    "children": {
                                        "worker_root": {
                                            "total": 1566.7908132,
                                            "count": 78049,
                                            "is_parallel": true,
                                            "self": 1049.932686200008,
                                            "children": {
                                                "steps_from_proto": {
                                                    "total": 0.00770209999999949,
                                                    "count": 1,
                                                    "is_parallel": true,