{
    "name": "root",
    "metadata": {
        "timer_format_version": "0.1.0",
        "start_time_seconds": "1680132021",
        "python_version": "3.9.13 (tags/v3.9.13:6de2ca5, May 17 2022, 16:36:42) [MSC v.1929 64 bit (AMD64)]",
        "command_line_arguments": "C:\\Users\\User\\AppData\\Local\\Programs\\Python\\Python39\\Scripts\\mlagents-learn Config/Flappy.yaml --run-id=Flappy3 --resume",
        "mlagents_version": "0.30.0",
        "mlagents_envs_version": "0.30.0",
        "communication_protocol_version": "1.5.0",
        "pytorch_version": "1.13.1+cpu",
        "numpy_version": "1.21.2",
        "end_time_seconds": "1680132036"
    },
    "total": 15.6536433,
    "count": 1,
    "self": 0.023657399999999384,
    "children": {
        "run_training.setup": {
            "total": 0.17782240000000016,
            "count": 1,
            "self": 0.17782240000000016
        },
        "TrainerController.start_learning": {
            "total": 15.452163500000001,
            "count": 1,
            "self": 0.00011410000000111609,
            "children": {
                "TrainerController._reset_env": {
                    "total": 15.4488938,
                    "count": 1,
                    "self": 10.2895012,
                    "children": {
                        "demo_to_buffer": {
                            "total": 5.1593926,
                            "count": 1,
                            "self": 9.199999999864872e-05,
                            "children": {
                                "load_demonstration": {
                                    "total": 0.07593010000000078,
                                    "count": 1,
                                    "self": 0.06941490000000172,
                                    "children": {
                                        "read_file": {
                                            "total": 0.006515199999999055,
                                            "count": 1,
                                            "self": 0.006515199999999055
                                        }
                                    }
                                },
                                "make_demo_buffer": {
                                    "total": 5.083370500000001,
                                    "count": 1,
                                    "self": 0.8223543000000308,
                                    "children": {
                                        "steps_from_proto": {
                                            "total": 4.26101619999997,
                                            "count": 13116,
                                            "self": 2.4861962999997207,
                                            "children": {
                                                "_process_rank_one_or_two_observation": {
                                                    "total": 1.7748199000002494,
                                                    "count": 52464,
                                                    "self": 1.7748199000002494
                                                }
                                            }
                                        }
                                    }
                                }
                            }
                        }
                    }
                },
                "TrainerController._save_models": {
                    "total": 0.003155599999999481,
                    "count": 1,
                    "self": 0.0004822999999980482,
                    "children": {
                        "RLTrainer._checkpoint": {
                            "total": 0.002673300000001433,
                            "count": 1,
                            "self": 0.002673300000001433
                        }
                    }
                }
            }
        }
    }
}